{
    "final score": 0.37666666666666665,
    "coarse perception": 0.572,
    "coarse perception(image scene and topic)": 0.48226950354609927,
    "coarse perception(image style & quality)": 0.6923076923076923,
    "coarse perception(image emotion)": 0.6774193548387096,
    "fine-grained perception": 0.328,
    "fine-grained perception(object counting)": 0.30434782608695654,
    "fine-grained perception(recognition)": 0.3389830508474576,
    "fine-grained perception(localization)": 0.35,
    "instance reasoning": 0.492,
    "instance reasoning(single-instance reasoning)": 0.5757575757575758,
    "instance reasoning(cross-instance attribute reasoning)": 0.5056179775280899,
    "instance reasoning(cross-instance relation reasoning)": 0.3387096774193548,
    "logical reasoning": 0.38,
    "logical reasoning(code & sequence reasoning)": 0.38461538461538464,
    "logical reasoning(diagram reasoning)": 0.34545454545454546,
    "logical reasoning(common reasoning)": 0.4158415841584158,
    "science & technology": 0.168,
    "science & technology(biology & chemistry & physics)": 0.14383561643835616,
    "science & technology(electronics & energy & mechanical eng.)": 0.2826086956521739,
    "science & technology(geography & earth science & agriculture)": 0.13793103448275862,
    "math": 0.32,
    "math(geometry)": 0.33620689655172414,
    "math(numeric commonsense and calculation)": 0.2916666666666667,
    "math(statistical reasoning)": 0.313953488372093
}